cb_person_default_on_file,0,1
N,0.8160679684006559,0.18393203159934415
Y,0.6219321148825065,0.37806788511749345
