{"loan_status":1.0,"loan_percent_income":0.3793664685,"loan_int_rate":0.3351326114,"loan_amnt":0.1053756767,"cb_person_cred_hist_length":-0.0155294324,"person_age":-0.021629356,"person_emp_length":-0.0824885137,"person_income":-0.1444494882}