loan_grade,0,1
A,0.9004361139463672,0.09956388605363274
B,0.8372404554588078,0.16275954454119224
C,0.792660266336327,0.20733973366367298
D,0.40954219525648095,0.590457804743519
E,0.3558091286307054,0.6441908713692946
F,0.2946058091286307,0.7053941908713693
G,0.015625,0.984375
